# id,Prediction
1.0,23.3324355969
2.0,25.0081360662
3.0,25.4809592867
4.0,24.7243676673
5.0,24.9844870621
6.0,25.1352401771
7.0,22.9512366919
8.0,25.5557030162
9.0,23.7155739009
10.0,25.1682846026
11.0,22.2646018414
12.0,23.7317857048
13.0,24.8660369613
14.0,24.1484946581
15.0,25.1299016652
16.0,22.8885614072
17.0,23.9765394462
18.0,25.4797175731
19.0,23.0438246208
20.0,24.6350457118
21.0,24.7398080032
22.0,25.3971448437
23.0,22.7306070212
24.0,23.609571205
25.0,24.1967514617
26.0,24.3071855644
27.0,22.7810712379
28.0,22.8181193273
29.0,23.7656543097
30.0,23.9229199826
31.0,24.1081473825
32.0,25.4452119985
33.0,22.4720811697
34.0,23.1274703496
35.0,22.9688616609
36.0,25.4893497222
37.0,25.260503164
38.0,23.6662244189
39.0,23.7277547687
40.0,23.5753604822
41.0,24.551918563
42.0,24.5070140991
43.0,23.6491248926
44.0,23.3991049211
45.0,23.1859037643
46.0,23.7995884736
47.0,23.5269779791
48.0,23.6118693948
49.0,22.4808498769
50.0,23.5434024281
51.0,23.7010433224
52.0,22.8756074573
53.0,23.6305125837
54.0,23.2262850373
55.0,22.7815076276
56.0,24.8459598382
57.0,22.9786620922
58.0,22.5741541102
59.0,23.7150266352
60.0,23.3104267267
61.0,23.5405165034
62.0,25.695304267
63.0,23.618590237
64.0,23.7272042225
65.0,23.2674813307
66.0,24.341828395
67.0,24.440315221
68.0,25.1795291029
69.0,23.1796617047
70.0,23.7899900235
71.0,23.2970324885
72.0,25.1793763552
73.0,24.5523544636
74.0,23.371251685
75.0,24.6542461243
76.0,25.0698349563
77.0,22.9134810989
78.0,24.9222675049
79.0,23.3611912603
80.0,24.4805392774
81.0,24.7009507611
82.0,24.4815392406
83.0,24.5938058337
84.0,23.7627830955
85.0,24.0356786405
86.0,23.2143032285
87.0,24.773524503
88.0,25.3932656507
89.0,23.2784518748
90.0,23.2530628161
91.0,22.6587078652
92.0,24.9901745552
93.0,25.3688539453
94.0,23.5452233808
95.0,25.3985485393
96.0,23.14947699
97.0,24.1997246771
98.0,23.2258989693
99.0,22.2368043201
100.0,22.7972122984
101.0,22.8717282866
102.0,23.4055743805
103.0,23.9799111521
104.0,23.1467439474
105.0,23.4667855779
106.0,23.2257817883
107.0,25.024986772
108.0,25.293491415
109.0,23.560659617
110.0,24.637523731
111.0,22.8063726682
112.0,24.3413870185
113.0,22.8797012092
114.0,25.1670063006
115.0,25.1891102368
116.0,22.8635039861
117.0,23.8863278539
118.0,24.0495955285
119.0,23.3364936977
120.0,24.7552758988
121.0,22.504666858
122.0,24.9182758696
123.0,24.4226343229
124.0,24.6023510388
125.0,23.3715212052
126.0,23.7377481099
127.0,24.3349272505
128.0,23.0438950868
129.0,22.7911977054
130.0,23.0112666497
131.0,24.3471027778
132.0,23.6788860067
133.0,24.6226820174
134.0,22.915704728
135.0,24.5788152332
136.0,22.6199491022
137.0,25.0661868603
138.0,23.3730676997
139.0,24.5899945267
140.0,23.6663992036
141.0,24.7843420956
142.0,24.6069755363
143.0,23.0646906812
144.0,23.4085850234
145.0,23.6355121714
146.0,24.6598562623
147.0,25.1441712852
148.0,24.7924424107
149.0,22.8076157563
150.0,24.4645246793
151.0,22.650036585
152.0,25.0901629735
153.0,23.5360553463
154.0,24.7056364193
155.0,22.4044476587
156.0,23.0313078286
157.0,22.7312641942
158.0,24.3137488168
159.0,24.8490305104
160.0,24.3493481338
161.0,24.7012863005
162.0,25.2284688178
163.0,23.7490968042
164.0,23.485179916
165.0,22.6804503294
166.0,23.4552706937
167.0,24.6031754762
168.0,23.481306068
169.0,23.1014060682
170.0,24.8978032275
171.0,23.6747364801
172.0,25.2712571014
173.0,24.4915088744
174.0,24.442103087
175.0,23.3866211707
176.0,22.4536369248
177.0,22.8069359888
178.0,24.2225261521
179.0,22.2897906015
180.0,24.4624091303
181.0,23.7275630913
182.0,23.3633129629
183.0,24.8084585621
184.0,23.1944748505
185.0,22.9285353625
186.0,23.2926419569
187.0,23.4745466964
188.0,24.6459490115
189.0,22.8738821334
190.0,23.1895432682
191.0,23.0083552549
192.0,24.7334723968
193.0,23.1050320542
194.0,24.6782675501
195.0,24.2636278955
196.0,24.3559714678
197.0,23.7082524762
198.0,23.1639050721
199.0,23.3853708126
200.0,23.4729891773
201.0,23.4472665062
202.0,24.7548925776
203.0,23.1920598184
204.0,23.4426218483
205.0,23.4210905113
206.0,23.4367057122
207.0,23.4340519862
208.0,23.0876975368
209.0,24.6170421123
210.0,23.6841821589
211.0,24.7608670448
212.0,22.708485913
213.0,25.011651416
214.0,23.1588875941
215.0,23.5173206529
216.0,23.6566610911
217.0,25.3281073567
218.0,23.4974893804
219.0,25.1322392477
220.0,24.9816240008
221.0,22.9055584747
222.0,24.1549779493
223.0,22.8014826847
224.0,23.765493592
225.0,24.57334625
226.0,23.3307363368
227.0,25.365564133
228.0,24.6455177422
229.0,23.0283591906
230.0,23.9446112084
231.0,25.0522827986
232.0,25.1262559073
233.0,23.6975830593
234.0,23.784434021
235.0,23.0767892141
236.0,24.8540405294
237.0,22.807983358
238.0,23.3638869409
239.0,23.2140422051
240.0,24.4219973001
241.0,23.4933022455
242.0,24.1122553765
243.0,23.0353041064
244.0,24.4820828132
245.0,23.2613063725
246.0,23.3604618656
247.0,23.7229599127
248.0,23.4537497266
249.0,24.4503433083
250.0,22.9448346873
251.0,23.9712649327
252.0,23.7466365019
253.0,22.7689816784
254.0,23.2140164089
255.0,23.9222807501
256.0,23.0047327559
257.0,24.1663342532
258.0,23.2410164309
259.0,23.2261735632
260.0,23.1556644908
261.0,24.692762201
262.0,25.2986772953
263.0,23.0755879269
264.0,25.2206455374
265.0,23.3399102204
266.0,23.2588100092
267.0,22.6094408206
268.0,25.3055225457
269.0,24.3954298254
270.0,23.4591934306
271.0,23.3877252387
272.0,24.9498742315
273.0,24.5642448743
274.0,24.2943514001
275.0,25.092908758
276.0,23.7348051443
277.0,23.9372082822
278.0,24.6476958724
279.0,24.8928639405
280.0,25.1874197185
281.0,25.2484693135
282.0,24.9874938335
283.0,24.6744954929
284.0,24.8939964082
285.0,22.9356520318
286.0,23.2451424967
287.0,24.4507460976
288.0,24.3806560623
289.0,22.6238311177
290.0,22.7240823643
291.0,22.9324666376
292.0,24.0368539703
293.0,23.3160236792
294.0,24.9100293331
295.0,22.7342407008
296.0,23.1043181886
297.0,23.5811948025
298.0,24.9004216321
299.0,22.7098204504
300.0,23.5288504981
301.0,24.8228774022
302.0,25.3011611071
303.0,22.6017968004
304.0,23.7762385424
305.0,23.9830605262
306.0,23.8316121457
307.0,23.9234475099
308.0,25.6182268805
309.0,25.2171260123
310.0,22.9954435644
311.0,25.4959391884
312.0,24.7024560214
313.0,24.7155995282
314.0,22.715066905
315.0,23.099636282
316.0,23.159390466
317.0,23.2067137216
318.0,25.4448830825
319.0,22.6746916047
320.0,24.15289925
321.0,23.2088091249
322.0,23.0271739556
323.0,23.3798291485
324.0,24.5833351918
325.0,23.0175311566
326.0,24.346004217
327.0,24.752935668
328.0,24.0222653207
329.0,23.9026583434
330.0,24.4376407109
331.0,24.5085636627
332.0,25.1038400249
333.0,23.3499964331
334.0,24.8084848749
335.0,25.7171476289
336.0,22.7714474977
337.0,23.5544849344
338.0,24.5067792157
339.0,23.6309122212
340.0,24.3130374832
341.0,23.0136667208
342.0,23.3895366711
343.0,23.5823438522
344.0,23.5320430295
345.0,23.5488851093
346.0,25.190811908
347.0,24.9603428083
348.0,23.2531091574
349.0,22.8101944015
350.0,23.2777687866
351.0,23.2180821285
352.0,23.2191983255
353.0,24.1670164223
354.0,23.382773579
355.0,25.0985530887
356.0,24.9923864205
357.0,24.3530204839
358.0,23.4146385135
359.0,22.9066044717
360.0,23.266395535
361.0,22.5812533484
362.0,22.8022021401
363.0,24.6716605691
364.0,24.521893609
365.0,25.024027141
366.0,23.7741120753
367.0,25.0643951751
368.0,23.1326805226
369.0,22.5298005655
370.0,23.3192751095
371.0,25.1282406324
372.0,23.870701202
373.0,23.043700253
374.0,24.4708215996
375.0,24.2184676145
376.0,23.7548141941
377.0,24.4189276377
378.0,25.0397927487
379.0,22.8041706106
380.0,24.6119685518
381.0,22.5279905176
382.0,22.7091389537
383.0,24.6709711199
384.0,22.6620594317
385.0,24.7965737783
386.0,23.7273055869
387.0,24.1954844297
388.0,22.851204274
389.0,22.626564224
390.0,23.443393699
391.0,23.3878827201
392.0,24.3850099649
393.0,24.1422123484
394.0,25.1910957739
395.0,23.1467014881
396.0,22.850607368
397.0,25.2266230699
398.0,24.7788225073
399.0,23.6883204662
400.0,24.4413282804
401.0,24.7471352581
402.0,24.4089267114
403.0,23.2415096711
404.0,24.0995568288
405.0,23.5091005878
406.0,24.2190424788
407.0,22.5530494024
408.0,22.8959419216
409.0,24.0917030601
410.0,23.4685278929
411.0,24.6648454086
412.0,24.5461390712
413.0,23.8604751675
414.0,23.7371972994
415.0,25.1116875655
416.0,25.1147260704
417.0,23.1695852705
418.0,25.2311450813
419.0,24.7233691403
420.0,24.0683756485
421.0,24.2033337828
422.0,22.735702769
423.0,24.5192071212
424.0,24.8098814841
425.0,22.7673174213
426.0,23.4045441858
427.0,23.4983333642
428.0,23.363615882
429.0,22.8125937243
430.0,24.9735351798
431.0,23.340116678
432.0,24.219243304
433.0,22.9460056242
434.0,24.7305520878
435.0,23.7476703422
436.0,23.7619979849
437.0,24.7820928021
438.0,23.8912951038
439.0,24.7941124047
440.0,24.074826891
441.0,25.1455116548
442.0,23.1606692052
443.0,23.6284765742
444.0,24.4569078623
445.0,22.5931619192
446.0,23.1927483479
447.0,24.6636210683
448.0,23.8823606573
449.0,23.3407841716
450.0,25.2423769925
451.0,23.5388943504
452.0,25.3738331707
453.0,24.8540151637
454.0,24.7414775452
455.0,24.4564073786
456.0,24.1506046155
457.0,24.707863042
458.0,22.7626128302
459.0,25.4842215562
460.0,24.6243781311
461.0,24.1668740872
462.0,24.3669260478
463.0,23.0525384804
464.0,23.101191937
465.0,23.2496156625
466.0,22.5566554664
467.0,23.3393205964
468.0,23.7623745582
469.0,22.5735295696
470.0,23.9335855392
471.0,24.6310524621
472.0,23.4639936581
473.0,23.1112711628
474.0,23.8063028133
475.0,24.3160673143
476.0,25.2820405965
477.0,24.8497174488
478.0,24.6458186209
479.0,24.969584044
480.0,23.6215193398
481.0,22.9571853455
482.0,24.8517167398
483.0,23.6512789668
484.0,23.4172834125
485.0,22.8875696222
486.0,23.647698644
487.0,24.0971483938
488.0,23.6293134824
489.0,23.4197994117
490.0,24.610006586
491.0,22.7573035973
492.0,23.7305937747
493.0,24.3965676574
494.0,22.754584908
495.0,23.9422013695
496.0,22.7201745911
497.0,22.5515423408
498.0,23.8519159934
499.0,23.4771123719
500.0,25.6906008606
501.0,24.3819192447
502.0,23.7450911942
503.0,22.7448749017
504.0,22.8737683555
505.0,22.6502370053
506.0,25.2133507908
507.0,24.8619575087
508.0,24.9604061165
509.0,22.7935240326
510.0,24.5743981049
511.0,23.7984288466
512.0,24.0206253863
513.0,24.3939744858
514.0,25.280587736
515.0,24.4075856141
516.0,22.7908468746
517.0,25.3783480735
518.0,22.9982846223
519.0,24.1790431813
520.0,23.0149390421
521.0,25.4139327216
522.0,23.1345214022
523.0,24.3557057697
524.0,23.6694465199
525.0,22.8804011007
526.0,22.8198509063
527.0,24.2819747759
528.0,22.478045315
529.0,24.7865735514
530.0,22.4628816674
531.0,22.5689531011
532.0,22.6951721593
533.0,24.5456627322
534.0,24.821725656
535.0,23.584134287
536.0,22.7480489297
537.0,25.1597780234
538.0,23.5509750725
539.0,24.9883029884
540.0,23.5005810328
541.0,22.8120392659
542.0,25.4008354593
543.0,24.7720715198
544.0,25.0149370751
545.0,23.2868079085
546.0,24.8915109637
547.0,22.8296955622
548.0,23.1967591337
549.0,24.0164132552
550.0,23.5817045208
551.0,23.1518139245
552.0,23.1463860918
553.0,23.8337728582
554.0,24.5605432951
555.0,23.7106445888
556.0,23.3967641186
557.0,23.8943006986
558.0,24.6489647024
559.0,24.4719556247
560.0,23.4160180849
561.0,23.7185420095
562.0,25.2197900269
563.0,24.2888414553
564.0,24.4547864112
565.0,25.0356076594
566.0,24.9035049267
567.0,23.3134272089
568.0,23.9307163086
569.0,22.5023351187
570.0,23.2860168384
571.0,24.1089019662
572.0,22.926066015
573.0,24.6277777209
574.0,23.1220737672
575.0,23.1840960565
576.0,23.6677030638
577.0,23.4451137613
578.0,22.8729989326
579.0,23.0255569786
580.0,25.2078156872
581.0,22.8291191092
582.0,23.8558580701
583.0,22.8442338622
584.0,22.3902764208
585.0,24.027177883
586.0,23.650010786
587.0,23.6539886299
588.0,24.73820316
589.0,23.3636807237
590.0,25.0627488598
591.0,25.0150818944
592.0,25.0044589974
593.0,25.1399543857
594.0,24.6854404549
595.0,22.6224213651
596.0,23.1788026764
597.0,23.1060854231
598.0,23.7182325349
599.0,25.1007601523
600.0,24.2842722069
601.0,23.544042592
602.0,24.9084940208
603.0,22.9185968851
604.0,23.4703364654
605.0,23.2785154751
606.0,24.6093668856
607.0,22.5592171953
608.0,22.5141564293
609.0,23.2519402861
610.0,24.8642600724
611.0,23.4969818663
612.0,22.9727945422
613.0,23.8861013485
614.0,25.459574537
615.0,22.9747287497
616.0,23.1480711488
617.0,23.3588463487
618.0,22.9754889002
619.0,22.8530445449
620.0,25.2101803172
621.0,23.0353127147
622.0,22.8239750638
623.0,25.1532218197
624.0,24.6745555127
625.0,25.0853711528
626.0,23.3084271278
627.0,25.3527836882
628.0,23.4056363743
629.0,25.1439419619
630.0,22.9301858324
631.0,23.0020402862
632.0,23.4354661636
633.0,25.4309119441
634.0,24.4120716084
635.0,23.5560390203
636.0,22.5931072404
637.0,23.1764651142
638.0,22.8677909724
639.0,24.4736441431
640.0,24.8095762419
641.0,24.1104309892
642.0,23.0973022717
643.0,24.7518340315
644.0,25.1438758831
645.0,23.5712444494
646.0,24.3008102936
647.0,24.1031261134
648.0,22.5640436692
649.0,23.2683510951
650.0,22.552407371
651.0,23.2282223339
652.0,23.5710532421
653.0,22.4889632282
654.0,24.8866718045
655.0,23.596954165
656.0,25.0167047856
657.0,22.7037755107
658.0,24.7402097254
659.0,24.6189385868
660.0,23.153710526
661.0,24.3206470287
662.0,25.0707576043
663.0,25.2375942777
664.0,24.8940150101
665.0,24.5381260753
666.0,23.1682238903
667.0,23.5452422353
668.0,23.4620763098
669.0,23.2927132114
670.0,22.6337235205
671.0,25.1586988247
672.0,24.4112505349
673.0,23.5708465831
674.0,23.7205054574
675.0,23.1069150953
676.0,25.0795425487
677.0,25.1596326762
678.0,22.852744777
679.0,24.5856579245
680.0,24.3036685742
681.0,25.1364030697
682.0,23.7605561052
683.0,23.2709319968
684.0,25.5064879097
685.0,24.5521740854
686.0,22.7496150165
687.0,23.3206491095
688.0,23.0485286729
689.0,22.7135401733
690.0,24.6759895488
691.0,23.1551623723
692.0,23.1999732442
693.0,22.7542094385
694.0,25.407880084
695.0,23.1318885618
696.0,24.3138678358
697.0,24.8245784879
698.0,25.2736308677
699.0,25.406686754
700.0,23.3103201112
701.0,22.8686012016
702.0,24.0239079855
703.0,24.6183221182
704.0,25.3010985898
705.0,23.0885011153
706.0,23.5669996486
707.0,23.6271240821
708.0,22.6994955973
709.0,22.8040032421
710.0,22.8466962708
711.0,23.3390569898
712.0,23.2583670483
713.0,24.2835454613
714.0,23.2246854343
715.0,22.8606184748
716.0,22.6216772271
717.0,22.157018285
718.0,24.3570765157
719.0,24.9652953539
720.0,23.2492624724
721.0,23.232318269
722.0,24.2951336838
723.0,25.4182604297
724.0,22.7242135973
725.0,22.6270905366
726.0,23.3120804502
727.0,23.8815011333
728.0,25.1158685311
729.0,23.3480787645
730.0,22.774064833
731.0,25.3207896529
732.0,24.7006176024
733.0,25.1998583354
734.0,23.4793169102
735.0,24.5192276633
736.0,23.3578092235
737.0,23.3372499746
738.0,25.2996776628
739.0,24.4349321895
740.0,23.9950008965
741.0,24.9431035282
742.0,23.3978963684
743.0,23.6254423765
744.0,25.0983413623
745.0,25.2127441812
746.0,22.4850013689
747.0,23.023404816
748.0,24.5426126082
749.0,23.0123004228
750.0,25.3320827042
751.0,24.9716744885
752.0,23.5022281322
753.0,23.3668120436
754.0,23.6587975867
755.0,23.4969122373
756.0,24.1766953157
757.0,23.0284481989
758.0,23.6538699717
759.0,22.7999429411
760.0,23.4477455759
761.0,22.9421853395
762.0,23.2732557104
763.0,24.9973670439
764.0,22.8680426059
765.0,22.8649705418
766.0,23.4927678369
767.0,23.6165197483
768.0,24.5354924375
769.0,25.1751518282
770.0,24.3782555564
771.0,22.9474056264
772.0,24.1689559675
773.0,25.158502681
774.0,25.3910755584
775.0,23.8384458901
776.0,23.678966809
777.0,24.291419727
778.0,24.5317226791
779.0,22.8211177806
780.0,25.3467195307
781.0,24.6433542228
782.0,23.9952654504
783.0,23.1789887123
784.0,23.1108499184
785.0,22.7578254048
786.0,23.2357882763
787.0,23.4256617534
788.0,24.3210717263
789.0,23.6418466816
790.0,24.268524948
791.0,24.2309490952
792.0,23.2076900255
793.0,25.1214362293
794.0,24.8198496028
795.0,25.1010767989
796.0,23.1610170176
797.0,24.9455076316
798.0,22.6149665909
799.0,22.9590873972
800.0,23.5038406668
801.0,24.818525383
802.0,23.1064801804
803.0,24.9997616373
804.0,23.7760761684
805.0,24.0203527884
806.0,23.350512057
807.0,22.7969130169
808.0,23.6817781796
809.0,23.4376384965
810.0,22.9841009471
811.0,23.4812675468
812.0,24.1818427892
813.0,23.697422089
814.0,25.2672730579
815.0,23.6442534828
816.0,23.928360329
817.0,23.4474535517
818.0,22.8230106802
819.0,23.2488653382
820.0,23.7330857497
821.0,24.2707848718
822.0,25.4746205456
823.0,25.2611760865
824.0,25.0232948935
825.0,24.6625082611
826.0,25.4343913572
827.0,23.7177396688
828.0,25.0383996619
829.0,23.7545364137
830.0,24.5954548837
831.0,23.1347149393
832.0,23.0982399014
833.0,22.8549861222
834.0,24.4245795381
835.0,22.6178140271
836.0,24.4593090439
837.0,23.2214434414
838.0,24.0135709095
839.0,22.7361120074
840.0,24.652861917
841.0,22.7794069532
842.0,22.7394634797
843.0,24.445205982
844.0,25.0668267544
845.0,25.6954934418
846.0,23.5014738856
847.0,24.6992078254
848.0,24.868771687
849.0,23.3906533388
850.0,23.3935652631
851.0,24.6008967003
852.0,25.6625002498
853.0,24.7291476654
854.0,24.6187285487
855.0,24.7286483026
856.0,24.6837773896
857.0,22.7471629775
858.0,24.5677389779
859.0,24.7682987853
860.0,24.7172630733
861.0,24.2493335001
862.0,24.9207970425
863.0,24.2711053473
864.0,22.7108410979
865.0,25.571017627
866.0,25.1999399754
867.0,22.7661063411
868.0,24.9148101858
869.0,23.1449239758
870.0,22.9973097412
871.0,23.3880215831
872.0,23.8944899073
873.0,23.527447341
874.0,22.9636561675
875.0,24.9652953539
876.0,23.4105517159
877.0,25.4031553946
878.0,24.8450198861
879.0,22.9566239584
880.0,25.2978012801
881.0,23.3911394334
882.0,24.7163654671
883.0,25.2323821461
884.0,24.397699426
885.0,22.9279010473
886.0,23.0675976887
887.0,22.6384991291
888.0,23.7054945575
889.0,23.1300235505
890.0,23.3220600466
891.0,23.4139000104
892.0,23.9356969211
893.0,22.8729009446
894.0,22.6600814044
895.0,23.3660788559
896.0,24.2319594315
897.0,25.2948476497
898.0,25.2914189058
899.0,23.147972721
900.0,25.2531339484
901.0,25.2823469052
902.0,23.5787705534
903.0,25.0670158859
904.0,23.9008628652
905.0,24.3120888394
906.0,23.1838149556
907.0,23.0064140037
908.0,24.2215367528
909.0,24.4895362988
910.0,23.1975671169
911.0,22.8729009446
912.0,24.8936333021
913.0,25.3636677131
914.0,24.5922440349
915.0,25.2972251148
916.0,24.4938868784
917.0,24.9857369624
918.0,23.6243555825
919.0,23.1278444253
920.0,22.972776804
921.0,23.5119202933
922.0,25.0486839149
923.0,23.9042494519
924.0,24.648552627
925.0,23.016338429
926.0,23.0118954902
927.0,25.2055033429
928.0,24.5480657275
929.0,25.4795946857
930.0,24.1961267405
931.0,22.5614156053
932.0,23.4291129068
933.0,25.2859199506
934.0,24.8649709408
935.0,24.9880127344
936.0,24.7140967685
937.0,25.0121699675
938.0,22.6600463884
939.0,22.5665639122
940.0,23.3113996362
941.0,25.1338360348
942.0,23.392840703
943.0,24.331689985
944.0,22.673490532
945.0,22.7539670691
946.0,23.1200472382
947.0,24.6104631854
948.0,23.2981909187
949.0,24.5795671039
950.0,22.5681486284
951.0,23.8640182676
952.0,23.8806976631
953.0,23.0647302169
954.0,24.4732757251
955.0,25.5488334334
956.0,23.1308720299
957.0,23.2831134543
958.0,25.2079696436
959.0,22.9055213409
960.0,23.47860719
961.0,23.3858650177
962.0,22.9407971889
963.0,25.4463799866
964.0,23.3340905507
965.0,25.0767790787
966.0,24.8346948586
967.0,25.1615991856
968.0,24.9029643484
969.0,25.1081292916
970.0,23.4441972598
971.0,24.494045442
972.0,22.5812226744
973.0,24.3490576954
974.0,23.30812694
975.0,23.1786345421
976.0,25.5135102245
977.0,24.7475650787
978.0,24.8108575326
979.0,23.3679618682
980.0,23.014176245
981.0,25.6549655034
982.0,25.187229382
983.0,23.0300357632
984.0,22.9471529228
985.0,25.175138023
986.0,23.3439074337
987.0,24.4257483374
988.0,23.4354741743
989.0,25.2773650743
990.0,24.2309626106
991.0,23.0279216284
992.0,25.4799934516
993.0,24.9145302811
994.0,23.6366732313
995.0,22.9479067923
996.0,25.1294747507
997.0,25.0487475104
998.0,24.4504080764
999.0,24.4966252781
1000.0,22.8654661643
1001.0,25.2795186234
1002.0,24.8733143772
1003.0,24.3208800177
1004.0,23.7209002407
1005.0,24.4531462833
1006.0,24.9939109042
1007.0,23.7270448389
1008.0,24.7092819831
1009.0,23.4745691536
1010.0,24.397500765
1011.0,24.3970007809
1012.0,25.157843155
1013.0,22.8789972696
1014.0,24.3967876295
1015.0,24.0968292846
1016.0,24.7458665761
1017.0,24.4894835024
1018.0,24.5901338169
1019.0,23.308588066
1020.0,23.0759732701
1021.0,23.8165266274
1022.0,23.9310066083
1023.0,23.1206882067
1024.0,25.4177733448
1025.0,23.2136598353
1026.0,24.796215083
1027.0,25.2189831558
1028.0,24.4741603143
1029.0,22.8606040026
1030.0,22.650437029
1031.0,23.1703626594
1032.0,23.0892987905
1033.0,24.5836357929
1034.0,22.8727330085
1035.0,24.7001498315
1036.0,25.2894969192
1037.0,23.2053785611
1038.0,22.7082915737
1039.0,24.6204962436
1040.0,24.2761791076
1041.0,24.6199307249
1042.0,23.5881482274
1043.0,23.0550952216
1044.0,25.1253658158
1045.0,23.3737930042
1046.0,24.020158007
1047.0,23.4632836843
1048.0,24.9308385246
1049.0,23.2160550581
1050.0,24.6580122912
1051.0,23.0486280094
1052.0,22.9668755415
1053.0,24.6909589288
1054.0,24.6064148102
1055.0,23.9370091994
1056.0,23.3425600133
1057.0,24.9815365689
1058.0,24.8218440928
1059.0,24.5868949516
1060.0,24.6165099912
1061.0,25.0197189289
1062.0,23.5699815437
1063.0,24.259311364
1064.0,24.5710023347
1065.0,23.4379626106
1066.0,23.0050604337
1067.0,25.4382292393
1068.0,24.861577431
1069.0,24.5508574938
1070.0,24.8827457624
1071.0,23.6612777393
1072.0,22.9002662096
1073.0,22.8517776058
1074.0,24.7618981168
1075.0,22.5602766469
1076.0,23.3247451108
1077.0,24.497734823
1078.0,22.8651571732
1079.0,25.2868212298
1080.0,24.7674453555
1081.0,24.7410774686
1082.0,23.4214251509
1083.0,24.627861009
1084.0,22.9392698062
1085.0,25.7352648312
1086.0,22.6582545381
1087.0,25.3676015728
1088.0,24.0886180734
1089.0,23.0225613112
1090.0,24.2428804956
1091.0,25.2549148628
1092.0,25.206607142
1093.0,23.222558202
1094.0,23.4494736509
1095.0,24.4957507408
1096.0,22.9679309891
1097.0,23.9114408297
1098.0,24.594573881
1099.0,23.850502282
1100.0,24.5800999341
1101.0,23.9712502712
1102.0,23.0392759969
1103.0,24.7092243101
1104.0,23.3255027332
1105.0,24.5649535576
1106.0,23.068852925
1107.0,25.2048834087
1108.0,23.2086190779
1109.0,23.2934747137
1110.0,22.9680722583
1111.0,25.2198131717
1112.0,23.3258490393
1113.0,22.9483322774
1114.0,23.6537878678
1115.0,24.4580015896
1116.0,23.9593086415
1117.0,23.5257070467
1118.0,23.2883320933
1119.0,23.2623073339
1120.0,23.8468006702
1121.0,22.8472405412
1122.0,23.9558286198
1123.0,25.1667362575
1124.0,24.9719895884
1125.0,24.9782556362
1126.0,23.9744656385
1127.0,23.639547202
1128.0,23.4597910152
1129.0,24.7232983069
1130.0,23.5717313651
1131.0,24.8946216564
1132.0,23.1974524694
1133.0,23.3079921083
1134.0,24.9145793386
1135.0,23.1092170576
1136.0,24.9921785855
1137.0,22.934889137
1138.0,25.2838090702
1139.0,23.5000056128
1140.0,23.6321654306
1141.0,22.8756427389
1142.0,25.0745005777
1143.0,25.0041954197
1144.0,22.8881990619
1145.0,22.8890015281
1146.0,22.8553268013
1147.0,24.9574547268
1148.0,24.807266318
1149.0,24.3238309925
1150.0,25.4300987281
1151.0,23.6773515467
1152.0,22.9631541367
1153.0,23.0086247673
1154.0,22.9055193138
1155.0,23.4681182977
1156.0,23.271164422
1157.0,23.2027852735
1158.0,23.4861866249
1159.0,24.555729965
1160.0,24.2617981726
1161.0,23.7403540362
1162.0,23.1676374806
1163.0,23.1235393723
1164.0,23.522725325
1165.0,23.8980148925
1166.0,24.7619510515
1167.0,23.8536643005
1168.0,25.1659018923
1169.0,25.0695574228
1170.0,24.1018739258
1171.0,23.8832327874
1172.0,25.1258347043
1173.0,23.7287003211
1174.0,24.586829924
1175.0,23.5220439444
1176.0,24.6659914593
1177.0,23.1318548742
1178.0,24.8482498026
1179.0,22.7263616509
1180.0,23.6839881182
1181.0,23.7686210816
1182.0,24.9128390624
1183.0,23.8777406862
1184.0,24.3549318147
1185.0,23.3524961366
1186.0,24.2467707717
1187.0,22.9977779595
1188.0,23.6542488344
1189.0,23.4563307118
1190.0,23.5271152891
1191.0,23.3067920243
1192.0,24.4762900804
1193.0,24.9868526045
1194.0,24.7013752836
1195.0,23.225950031
1196.0,24.6915634818
1197.0,24.4791989543
1198.0,23.2788976782
1199.0,23.0059304303
1200.0,24.8367915462
1201.0,23.5642083236
1202.0,23.7210552031
1203.0,23.557918635
1204.0,23.1088758634
1205.0,25.418594617
1206.0,24.2335678287
1207.0,25.3308450491
1208.0,24.2283789513
1209.0,23.8818470784
1210.0,23.3658073024
1211.0,23.0181762268
1212.0,23.3542728394
1213.0,24.4204965634
1214.0,23.1495939002
1215.0,23.1549830378
1216.0,23.3442019775
1217.0,24.5061181719
1218.0,23.6466432049
1219.0,23.6735570975
1220.0,23.0691935879
1221.0,23.5391472999
1222.0,23.3287035239
1223.0,25.2566743093
1224.0,23.5278676657
1225.0,22.9731545995
1226.0,25.2255498441
1227.0,24.6297418619
1228.0,22.7849228523
1229.0,23.3871070834
1230.0,23.5940504088
1231.0,24.4107104408
1232.0,23.6815613201
1233.0,23.4258361364
1234.0,23.3327242628
1235.0,22.9947160925
1236.0,24.4566987929
1237.0,23.7240361366
1238.0,25.5985611853
1239.0,24.9939548361
1240.0,25.1196148177
1241.0,23.1471812947
1242.0,24.8321187664
1243.0,23.2339475341
1244.0,24.604268976
1245.0,25.1858083845
1246.0,24.8626846474
1247.0,22.4513072863
1248.0,24.602091574
1249.0,23.4595686319
1250.0,25.1446954123
1251.0,23.2629329275
1252.0,24.921060144
1253.0,22.5600101407
1254.0,23.6135179926
1255.0,23.7089669771
1256.0,23.2396191356
1257.0,23.7068554303
1258.0,22.9684446983
1259.0,23.1577953172
1260.0,24.3902242897
1261.0,22.6925552315
1262.0,22.7846047276
1263.0,23.1833293536
1264.0,24.1709185493
1265.0,23.4831851515
1266.0,23.3973832052
1267.0,23.2448711269
1268.0,24.0519833529
1269.0,25.39170603
1270.0,24.9357250688
1271.0,24.5605450288
1272.0,22.7879462546
1273.0,24.1994101667
1274.0,24.0137915207
1275.0,22.8213512011
1276.0,24.2783687343
1277.0,24.5296171851
1278.0,22.9099543127
1279.0,24.5067452127
1280.0,23.3563808996
1281.0,23.8755221685
1282.0,22.9275473741
1283.0,23.2486211211
1284.0,24.7795823476
1285.0,24.6175108697
1286.0,23.1611763129
1287.0,22.668400173
1288.0,23.866775964
1289.0,23.4639817401
1290.0,23.262239172
1291.0,24.8375297561
1292.0,23.4721221659
1293.0,24.9534401376
1294.0,24.3084839363
1295.0,22.7808428704
1296.0,23.3586810498
1297.0,24.9227463323
1298.0,23.4264027444
1299.0,23.1470805459
1300.0,24.3851858007
1301.0,24.4981640787
1302.0,23.8588189211
1303.0,24.6021277819
1304.0,23.1190279673
1305.0,23.621601035
1306.0,24.6041440745
1307.0,22.9138891272
1308.0,24.6529159554
1309.0,23.4129399195
1310.0,23.0449848748
1311.0,23.7430418811
1312.0,23.1099275618
1313.0,24.6524867492
1314.0,24.4314076044
1315.0,24.8460686519
1316.0,24.2264120967
1317.0,25.0017999616
1318.0,24.3194623148
1319.0,24.5473993047
1320.0,25.0984386079
1321.0,24.6514260157
1322.0,25.7534622073
1323.0,24.3724626849
1324.0,22.7565982276
1325.0,22.7755385415
1326.0,23.7931389705
1327.0,24.6587969909
1328.0,23.0005876664
1329.0,24.8451843013
1330.0,23.0784714279
1331.0,22.5336464316
1332.0,23.4302899923
1333.0,24.7429510545
1334.0,23.1295343172
1335.0,24.8961874719
1336.0,25.6780745384
1337.0,22.7501993947
1338.0,22.5214123326
1339.0,25.0752584787
1340.0,24.801161024
1341.0,24.5203492352
1342.0,24.4292632463
1343.0,25.6353860325
1344.0,23.3172406069
1345.0,22.6989395032
1346.0,23.7833594153
1347.0,24.3141179944
1348.0,25.1639661271
1349.0,23.4278905691
1350.0,24.7832429128
1351.0,23.8376462028
1352.0,24.5617385949
1353.0,24.4784615945
1354.0,25.4933873027
1355.0,24.0372011953
1356.0,24.1715945036
1357.0,24.3439198168
1358.0,22.8847636645
1359.0,25.1416150486
1360.0,24.2304061787
1361.0,25.3112721447
1362.0,22.6643549672
1363.0,23.2127068119
1364.0,23.8363761483
1365.0,23.5716935947
1366.0,24.4851051647
1367.0,25.4671295969
1368.0,24.4944401372
1369.0,24.2589492164
1370.0,24.9210215424
1371.0,24.9444709716
1372.0,22.9986008276
1373.0,24.6014911483
1374.0,23.1300741817
1375.0,24.6196888379
1376.0,22.8109384589
1377.0,22.4213277746
1378.0,23.6524271987
1379.0,24.7417726054
1380.0,23.9407888214
1381.0,24.5138733755
1382.0,24.9931597666
1383.0,25.287118607
1384.0,24.3441739687
1385.0,22.9736957648
1386.0,23.9372524067
1387.0,22.6626834141
1388.0,24.4667446572
1389.0,25.0487824641
1390.0,25.56481557
1391.0,23.4090534325
1392.0,24.401438117
1393.0,24.7792871987
1394.0,24.4066923021
1395.0,24.2914943312
1396.0,22.6084812306
1397.0,23.1589899746
1398.0,24.8573354596
1399.0,23.329268866
1400.0,25.2602599632
1401.0,23.6545405107
1402.0,23.1776573858
1403.0,23.6910351973
1404.0,25.0487824641
1405.0,23.5672265986
1406.0,22.8966485521
1407.0,25.1993788376
1408.0,24.8401024655
1409.0,24.3643913418
1410.0,24.5428581638
1411.0,23.7379074997
1412.0,22.7150711827
1413.0,23.3948816338
1414.0,24.5698674578
1415.0,24.003222187
1416.0,24.478806155
1417.0,24.6032812259
1418.0,22.8616214103
1419.0,23.832164003
1420.0,24.5693937041
1421.0,22.7825109153
1422.0,22.96378396
1423.0,23.5072739469
1424.0,23.8307850817
1425.0,22.9783421524
1426.0,24.5490399194
1427.0,24.7145302683
1428.0,23.6527006081
1429.0,24.6196087923
1430.0,23.0288964686
1431.0,24.9889167124
1432.0,24.4675381458
1433.0,24.7160179954
1434.0,23.2214548402
1435.0,23.3690413231
1436.0,24.4095881467
1437.0,23.235069698
1438.0,23.0610705917
1439.0,23.5187228079
1440.0,24.0325381985
1441.0,23.4687437962
1442.0,22.855439859
1443.0,25.2031894626
1444.0,23.2062267001
1445.0,23.1691171758
1446.0,24.6068855963
1447.0,23.4045493207
1448.0,24.9545670216
1449.0,23.2848963229
1450.0,23.4039595968
1451.0,22.6010982445
1452.0,23.941141439
1453.0,23.2399568478
1454.0,23.3275927848
1455.0,25.106298945
1456.0,23.243146319
1457.0,24.5334537786
1458.0,22.6082083604
1459.0,24.5915800541
1460.0,24.7421712471
1461.0,23.4425741927
1462.0,23.4149579491
1463.0,25.2626071938
1464.0,22.7376048061
1465.0,23.479393167
1466.0,24.7539421401
1467.0,24.8337951814
1468.0,25.4178414229
1469.0,24.4406218311
1470.0,22.4323972678
1471.0,22.6572662101
1472.0,23.0301019268
1473.0,23.9893023042
1474.0,24.5510606002
1475.0,22.4431472666
1476.0,25.9531020179
1477.0,25.3180782638
1478.0,22.8853100711
1479.0,22.482211461
1480.0,22.8824691421
1481.0,23.7125289322
1482.0,22.5773023736
1483.0,24.2441982414
1484.0,24.5424095433
1485.0,23.7011594856
1486.0,23.2381733596
1487.0,25.3762844658
1488.0,23.3916483552
1489.0,23.3205936835
1490.0,23.6863757621
1491.0,22.5101196877
1492.0,23.1100250527
1493.0,23.2061817079
1494.0,23.5447064939
1495.0,24.6416003778
1496.0,23.1009326592
1497.0,23.5576457146
1498.0,23.449386071
1499.0,25.293428054
1500.0,24.7490218612
1501.0,25.832752109
1502.0,22.7484110316
1503.0,23.7278414815
1504.0,23.4505274489
1505.0,25.0227036843
1506.0,23.644134741
1507.0,24.8545007773
1508.0,24.438578433
1509.0,22.7077294467
1510.0,24.1899530475
1511.0,23.3829185767
1512.0,23.3684696024
1513.0,25.1783556816
1514.0,22.7733548388
1515.0,23.4345058366
1516.0,22.7213263001
1517.0,25.0377602581
1518.0,22.927225179
1519.0,23.216015734
1520.0,25.2332705247
1521.0,25.0807637767
1522.0,23.0419829438
1523.0,25.576690093
1524.0,24.8491855935
1525.0,24.142253929
1526.0,22.6658207471
1527.0,24.9108839713
1528.0,25.1782056324
1529.0,22.9808060733
1530.0,24.6678600551
1531.0,23.7828139746
1532.0,23.726784795
1533.0,23.383085997
1534.0,22.8845718378
1535.0,22.4834810318
1536.0,23.6384558012
1537.0,24.5201850896
1538.0,25.6349413469
1539.0,23.7818977389
1540.0,24.6778590371
1541.0,24.8033838218
1542.0,24.8150258409
1543.0,24.8850160856
1544.0,22.5582724815
1545.0,24.6274315246
1546.0,24.7971075599
1547.0,24.6471347689
1548.0,25.0865277839
1549.0,25.290321839
1550.0,23.1672537618
1551.0,23.8335615816
1552.0,22.3187661665
1553.0,23.4026854659
1554.0,24.285091398
1555.0,23.0314141562
1556.0,24.2728057004
1557.0,23.1309435581
1558.0,23.1576758723
1559.0,23.4425930925
1560.0,22.6212374948
1561.0,22.6075466845
1562.0,25.2487234359
1563.0,25.4523036171
1564.0,24.8066990895
1565.0,24.7152435295
1566.0,23.9865671142
1567.0,22.8476486247
1568.0,24.4440157787
1569.0,24.6781859938
1570.0,24.2778998725
1571.0,23.5273199104
1572.0,24.2053623089
1573.0,25.199520365
1574.0,22.7608481728
1575.0,23.7466289481
1576.0,24.8003655437
1577.0,24.645941833
1578.0,23.2619557075
1579.0,23.599650331
1580.0,23.4674494139
1581.0,24.2713805288
1582.0,25.1719254526
1583.0,23.4168316022
1584.0,25.3172686176
1585.0,25.1072752328
1586.0,25.3469742877
1587.0,25.4693565061
1588.0,23.4288008419
1589.0,25.121776903
1590.0,24.6696195648
1591.0,23.5999378941
1592.0,23.5204196619
1593.0,25.1959082894
1594.0,22.784047899
1595.0,24.6714367109
1596.0,24.8900631537
1597.0,24.7298768818
1598.0,22.7259145063
1599.0,24.0192200654
1600.0,22.6044884134
1601.0,24.7862704366
1602.0,23.1985245105
1603.0,24.7270957952
1604.0,23.9081394253
1605.0,23.3418879522
1606.0,24.3108699936
1607.0,22.7894139824
1608.0,23.0105922142
1609.0,24.9634495107
1610.0,22.6026196754
1611.0,23.5195979727
1612.0,22.8969299501
1613.0,22.89904584
1614.0,24.3648111376
1615.0,23.073479432
1616.0,23.0821633274
1617.0,24.772009964
1618.0,24.6185365193
1619.0,23.5658897692
1620.0,23.1310753782
1621.0,23.2213100947
1622.0,23.3136445203
1623.0,22.5226087086
1624.0,25.1861526722
1625.0,23.0231235313
1626.0,23.0166840851
1627.0,25.1611058562
1628.0,24.3059619263
1629.0,23.0140082684
1630.0,22.7743369791
1631.0,24.3884689225
1632.0,25.2426127999
1633.0,23.5236420938
1634.0,23.29273886
1635.0,23.9533112549
1636.0,24.5243574194
1637.0,23.5061725925
1638.0,24.6428091936
1639.0,24.356157117
1640.0,23.9815920255
1641.0,24.9214465797
1642.0,23.6948527294
1643.0,24.9377776234
1644.0,22.865402088
1645.0,24.9624598119
1646.0,22.8633117472
1647.0,23.2912509761
1648.0,23.6495558909
1649.0,25.2258557289
1650.0,22.7594072195
1651.0,23.5910080157
1652.0,24.6938235747
1653.0,22.3890540149
1654.0,25.1015238
1655.0,24.7102911044
1656.0,22.6655021161
1657.0,23.8053138021
1658.0,22.947666256
1659.0,23.1591210002
1660.0,24.671007496
1661.0,24.6253725179
1662.0,24.7510632226
1663.0,23.7990235641
1664.0,23.7288965826
1665.0,23.2235187505
1666.0,24.1022774097
1667.0,22.9733693764
1668.0,23.7152440997
1669.0,25.4541109775
1670.0,22.6847058199
1671.0,23.9652356488
1672.0,22.3447038957
1673.0,23.5098602408
1674.0,23.696836584
1675.0,23.4381130974
1676.0,23.5104479395
1677.0,23.4650476364
1678.0,24.8715990957
1679.0,23.4342568404
1680.0,23.6598912646
1681.0,23.8917971819
1682.0,23.4381906625
1683.0,24.3243323216
1684.0,23.8604205477
1685.0,24.6558700409
1686.0,23.226901276
1687.0,24.6197260934
1688.0,23.6789351168
1689.0,24.6292803109
1690.0,23.8499056131
1691.0,24.8143503067
1692.0,24.547571506
1693.0,25.32232687
1694.0,22.7525862591
1695.0,25.2322047327
1696.0,23.7956443954
1697.0,23.2101862223
1698.0,22.6937289099
1699.0,23.3273679571
1700.0,22.5875041035
1701.0,24.4840613163
1702.0,23.4213047594
1703.0,23.6447480475
1704.0,23.7389202445
1705.0,24.9260105853
1706.0,22.5649647649
1707.0,22.5052014399
1708.0,24.7491593884
1709.0,23.1667471824
1710.0,25.3692765527
1711.0,23.2804168703
1712.0,22.3815980826
1713.0,23.2427885971
1714.0,24.4703953289
1715.0,23.0346468691
1716.0,24.7276633686
1717.0,24.9259101354
1718.0,25.6902337019
1719.0,24.7344437184
1720.0,24.3726718553
1721.0,23.4551091451
1722.0,25.4479036761
1723.0,23.7529832087
1724.0,24.871061328
1725.0,23.8310707887
1726.0,23.0641303812
1727.0,22.6855250799
1728.0,24.4542340246
1729.0,23.4534978116
1730.0,23.5755599966
1731.0,23.1530798014
1732.0,23.2396845864
1733.0,23.7711231644
1734.0,24.4799529832
1735.0,23.7019229397
1736.0,25.0541504633
1737.0,23.0394647376
1738.0,22.9373046447
1739.0,23.9189665128
1740.0,22.6929771529
1741.0,24.8065576594
1742.0,22.968296668
1743.0,23.6272470576
1744.0,23.479108712
1745.0,24.4731754884
1746.0,22.7069907237
1747.0,22.924763724
1748.0,24.3211428948
1749.0,24.449458262
1750.0,24.6008156089
1751.0,23.6538092998
1752.0,22.8815641507
1753.0,23.5411625086
1754.0,22.7371717237
1755.0,22.4212576731
1756.0,24.4201118542
1757.0,22.6090227498
1758.0,24.8288006863
1759.0,23.6900603153
1760.0,25.6099795224
1761.0,23.1182015913
1762.0,24.6347341018
1763.0,22.6962491504
1764.0,24.4929622477
1765.0,24.5663830343
1766.0,24.618416904
1767.0,25.0729228004
1768.0,23.6179331148
1769.0,23.6839106071
1770.0,22.9122189249
1771.0,23.7483639722
1772.0,23.3692977918
1773.0,24.0143431359
1774.0,23.0455730218
1775.0,24.5563996026
1776.0,22.5340806226
1777.0,24.4892234449
1778.0,24.9517484951
1779.0,24.417354831
1780.0,23.0941246814
1781.0,23.807823449
1782.0,22.9273451915
1783.0,23.1817457076
1784.0,22.4997657642
1785.0,23.5075413621
1786.0,22.9159364911
1787.0,22.47732461
1788.0,22.9445942214
1789.0,23.201627913
1790.0,23.2898747946
1791.0,22.5797264908
1792.0,25.145390176
1793.0,25.1407407648
1794.0,22.8956895062
1795.0,23.5941639093
1796.0,23.8958101285
1797.0,24.5697732614
1798.0,22.4312848609
1799.0,24.3838610461
1800.0,23.1531692857
1801.0,24.863303402
1802.0,24.6310860795
1803.0,23.779647801
1804.0,24.0339319744
1805.0,23.2880845157
1806.0,25.2800750716
1807.0,25.0804038685
1808.0,23.2972156168
1809.0,23.6891468553
1810.0,23.5921476098
1811.0,23.1615937959
1812.0,23.2810229994
1813.0,24.2813533145
1814.0,25.1300262423
1815.0,23.4136501137
1816.0,25.0530302524
1817.0,24.8508829102
1818.0,23.1890356291
1819.0,25.0017833394
1820.0,22.5583590266
1821.0,23.1395596118
1822.0,25.0717780435
1823.0,24.9948364778
1824.0,24.1099007948
1825.0,22.6623053489
1826.0,23.6001947758
1827.0,25.2801949118
1828.0,23.5054387315
1829.0,24.664298278
1830.0,24.8570136282
1831.0,22.8400173651
1832.0,22.595465166
1833.0,23.3568755006
1834.0,23.9866915422
1835.0,24.645871617
1836.0,24.5978766059
1837.0,22.7648596508
1838.0,25.3639362879
1839.0,23.2705308392
1840.0,23.0127628786
1841.0,23.2162787587
1842.0,23.4226120526
1843.0,24.7841403124
1844.0,24.0140809952
1845.0,22.9461772366
1846.0,24.3554225795
1847.0,25.1951656381
1848.0,23.6998771734
1849.0,23.3011864006
1850.0,23.0332266344
1851.0,22.8223803913
1852.0,23.9034925557
1853.0,22.8477670249
1854.0,23.5451899443
1855.0,23.3935499308
1856.0,23.6275042188
1857.0,23.5382802812
1858.0,22.779527988
1859.0,23.2464680604
1860.0,22.7604129934
1861.0,24.5672143466
1862.0,24.5926948954
1863.0,25.5278279918
1864.0,24.6726049309
1865.0,22.9472849862
1866.0,24.8437277813
1867.0,25.3861311561
1868.0,22.5730844221
1869.0,23.3135744177
1870.0,23.2281630122
1871.0,25.3134828892
1872.0,23.7002332879
1873.0,24.4383633886
1874.0,24.7150411072
1875.0,24.2445484272
1876.0,22.8580917783
1877.0,23.6475654184
1878.0,23.8292032667
1879.0,24.2947019184
1880.0,23.2503166103
1881.0,24.4200326657
1882.0,24.2757887612
1883.0,22.8831229801
1884.0,22.6777874476
1885.0,23.0100886676
1886.0,23.4760573236
1887.0,23.2386101929
1888.0,25.2179836819
1889.0,25.2962082523
1890.0,22.8342081592
1891.0,23.423378615
1892.0,25.2780937515
1893.0,25.3130326506
1894.0,22.8754194771
1895.0,25.2119818163
1896.0,23.3763427039
1897.0,22.7980503409
1898.0,23.714979735
1899.0,24.754248211
1900.0,23.6358029072
1901.0,25.0682417346
1902.0,24.0355784868
1903.0,24.5401297559
1904.0,24.5739632215
1905.0,24.4826639363
1906.0,23.6442018897
1907.0,23.5482429076
1908.0,23.7802495939
1909.0,23.0610239798
1910.0,25.0547293785
1911.0,24.8026940542
1912.0,23.5310597742
1913.0,22.8502093392
1914.0,24.0219540549
1915.0,25.4298589466
1916.0,22.5265436814
1917.0,23.2555911663
1918.0,25.4801069686
1919.0,24.4312525773
1920.0,23.5858076488
1921.0,22.9313048713
1922.0,25.189909499
1923.0,22.9972220793
1924.0,24.2013891193
1925.0,23.6335912821
1926.0,22.60860601
1927.0,22.5726053413
1928.0,23.5477956115
1929.0,23.4201480582
1930.0,24.6297376755
1931.0,23.7612457242
1932.0,23.1389349416
1933.0,23.2248298356
1934.0,23.5666396761
1935.0,23.1440417388
1936.0,24.4681370087
1937.0,23.8400061217
1938.0,22.7590891289
1939.0,23.6887312105
1940.0,24.5141768234
1941.0,23.4879174392
1942.0,22.8501422395
1943.0,24.9852752765
1944.0,23.1833361476
1945.0,24.84133507
1946.0,25.6478176264
1947.0,23.1551616574
1948.0,22.6866048988
1949.0,22.8895253942
1950.0,22.707851257
1951.0,25.2678438683
1952.0,24.7734921244
1953.0,24.8390052737
1954.0,23.217531426
1955.0,23.6457928206
1956.0,24.6087957598
1957.0,22.7151404419
1958.0,23.2702699782
1959.0,23.5510848119
1960.0,24.6184066603
1961.0,23.5259660636
1962.0,23.1499275674
1963.0,23.6186102464
1964.0,24.7111984585
1965.0,22.7972822855
1966.0,23.7642191647
1967.0,25.383204072
1968.0,24.5910877564
1969.0,24.9390903817
1970.0,23.6111555456
1971.0,23.2268126809
1972.0,25.3116824911
1973.0,24.832225519
1974.0,23.4472795547
1975.0,22.8587874997
1976.0,24.3391921519
1977.0,22.9015227627
1978.0,23.2146994755
1979.0,24.5490541599
1980.0,24.9995936418
1981.0,23.3011873757
1982.0,25.3290604967
1983.0,23.30073817
1984.0,23.1252904119
1985.0,23.7749640648
1986.0,24.7397741652
1987.0,23.3643806888
1988.0,23.2694477463
1989.0,24.6669891082
1990.0,23.0467779789
1991.0,22.2673424125
1992.0,25.1575433154
1993.0,23.3558908321
1994.0,22.6609756656
1995.0,24.811931726
1996.0,22.556069701
1997.0,23.4757319002
1998.0,24.7575326263
1999.0,23.0968287429
2000.0,22.7452697905
2001.0,24.1189413651
2002.0,23.7829971133
2003.0,24.9344312806
2004.0,24.6520783209
2005.0,23.1832791172
2006.0,24.4761986885
2007.0,25.2347112895
2008.0,22.5492123076
2009.0,23.0064536295
2010.0,25.3191551863
2011.0,23.7259695771
2012.0,24.8494636455
2013.0,23.0547576482
2014.0,25.2328967742
2015.0,24.9482362725
2016.0,23.334864618
2017.0,24.9644607756
2018.0,23.4427522959
2019.0,24.6424905259
2020.0,24.8402779761
2021.0,24.7964129775
2022.0,24.2230480119
2023.0,22.5653417589
2024.0,24.588555177
2025.0,25.6137892363
2026.0,25.5165386755
2027.0,25.3340196909
2028.0,24.1797925993
2029.0,24.1264673565
2030.0,23.976044138
2031.0,24.4856274653
2032.0,23.1948580938
2033.0,24.1653974457
2034.0,23.5858061198
2035.0,24.3922453153
2036.0,24.9988403126
2037.0,23.0101228444
2038.0,22.557543664
2039.0,23.4274699403
2040.0,24.3517065365
2041.0,23.3897868714
2042.0,25.1086752112
2043.0,24.0217177577
2044.0,25.2651566177
2045.0,25.1437569917
2046.0,24.5416655553
2047.0,24.4562826176
2048.0,23.7495794516
2049.0,25.0243232443
2050.0,24.7132513633
2051.0,22.5999917045
2052.0,23.2490462736
2053.0,23.3845917086
2054.0,25.2613194235
2055.0,24.988658013
2056.0,22.5936064592
2057.0,25.2566377873
2058.0,23.5647709937
2059.0,24.3756597942
2060.0,23.7563633444
2061.0,25.5078316969
2062.0,25.363055391
2063.0,22.7393462047
2064.0,22.4630486994
2065.0,23.4163097103
2066.0,22.6887450975
2067.0,24.2151696159
2068.0,25.2293272557
2069.0,24.839233355
2070.0,23.2718035083
2071.0,23.0186089529
2072.0,23.4540548293
2073.0,24.8516409464
2074.0,24.7326607246
2075.0,24.3294319884
2076.0,23.3788543645
2077.0,23.0719003194
2078.0,22.9747911154
2079.0,23.1987842614
2080.0,25.3284227116
2081.0,24.8004950954
2082.0,23.8687695335
2083.0,22.9837873827
2084.0,22.9507513473
2085.0,24.4537952935
2086.0,23.7565348897
2087.0,23.5774205332
2088.0,24.512666287
2089.0,22.8008540631
2090.0,22.9005228494
2091.0,22.7813364152
2092.0,23.0395570669
2093.0,23.2479803238
2094.0,22.7329592727
2095.0,24.4232985354
2096.0,24.411551455
2097.0,24.5987690464
2098.0,22.5434166731
2099.0,24.6220167773
2100.0,23.1450389651
2101.0,23.5179455116
2102.0,22.8456393895
2103.0,24.4682568659
2104.0,23.1228354755
2105.0,23.6240648241
2106.0,24.8531454034
2107.0,24.8714165338
2108.0,22.5745745947
2109.0,23.1662261836
2110.0,23.4724868831
2111.0,23.4600626583
2112.0,23.6817186365
2113.0,23.1726568357
2114.0,23.691154993
2115.0,25.0670054453
2116.0,23.3272120356
2117.0,22.9776947817
2118.0,22.6438763609
2119.0,23.2147465264
2120.0,24.671178181
2121.0,24.0405110601
2122.0,24.3855405404
2123.0,22.5507181428
2124.0,23.5469760639
2125.0,22.4902867433
2126.0,24.7186659176
2127.0,24.7677838119
2128.0,23.5326448541
2129.0,24.8223447101
2130.0,23.733142066
2131.0,23.1537332933
2132.0,25.1627386766
2133.0,22.8484828124
2134.0,23.1169945047
2135.0,24.5463549288
2136.0,24.9741559367
2137.0,23.3916418362
2138.0,23.4921400115
2139.0,25.018333956
2140.0,24.8009311344
2141.0,23.1814367808
2142.0,23.0767595483
2143.0,24.8980735454
2144.0,23.3242820186
2145.0,24.0244880864
2146.0,22.820164
2147.0,25.4402914646
2148.0,24.1750405731
2149.0,24.5581554184
2150.0,24.8893388296
2151.0,23.0589409531
2152.0,24.180778443
2153.0,25.135567329
2154.0,24.3237160532
2155.0,23.023340396
2156.0,25.0194403716
2157.0,22.9074460478
2158.0,24.9321905621
2159.0,23.5680620901
2160.0,24.8661898751
2161.0,22.7284377549
2162.0,24.392115473
2163.0,23.8791479055
2164.0,23.3518396705
2165.0,24.8330679732
2166.0,25.0641979483
2167.0,23.8379893685
2168.0,24.8817112603
2169.0,25.1278484059
2170.0,24.2457621265
2171.0,23.1373740777
2172.0,24.6747262972
2173.0,24.7628234484
2174.0,25.2050770112
2175.0,25.2823469052
2176.0,24.0153937156
2177.0,24.6931401275
2178.0,24.7057018866
2179.0,22.6964907968
2180.0,23.7292239189
2181.0,23.4334371459
2182.0,25.171064082
2183.0,24.495095231
2184.0,23.4545077634
2185.0,24.5430696521
2186.0,23.2761062777
2187.0,24.0089796526
2188.0,24.6744160983
2189.0,24.5085076587
2190.0,23.6640528992
2191.0,23.0723527152
2192.0,24.9312130008
2193.0,23.2790052912
2194.0,22.9263377086
2195.0,25.3922105628
2196.0,24.0707144004
2197.0,23.0251513289
2198.0,25.1491179381
2199.0,23.491299951
2200.0,24.7148059263
2201.0,23.6735234919
2202.0,24.538317985
2203.0,25.0672306509
2204.0,23.0219451862
2205.0,24.5056052138
2206.0,23.8061980962
2207.0,24.3660964694
2208.0,24.7075048051
2209.0,25.030601392
2210.0,25.2537531467
2211.0,24.258559885
2212.0,24.5141830598
2213.0,22.7909931273
2214.0,23.8893496709
2215.0,23.622145525
2216.0,23.7310973346
2217.0,23.3322853517
2218.0,24.9895218612
2219.0,22.702370075
2220.0,25.0525847958
2221.0,24.2376646674
2222.0,22.9206438566
2223.0,23.9153281472
2224.0,23.8348603522
2225.0,25.4592364574
2226.0,22.6482235314
2227.0,23.5679678569
2228.0,25.2478288208
2229.0,22.4569937791
2230.0,23.0358866997
2231.0,22.6136751913
2232.0,24.400287811
2233.0,24.8140716327
2234.0,22.6487007881
2235.0,24.7002131246
2236.0,23.0214595557
2237.0,22.6692830534
2238.0,25.4054509305
2239.0,24.6911102253
2240.0,22.8911918558
2241.0,22.5407012381
2242.0,23.2106225679
2243.0,25.0434656678
2244.0,23.6576002244
2245.0,24.2534482211
2246.0,22.6461939462
2247.0,24.7611798884
2248.0,23.5922532228
2249.0,24.7897003444
2250.0,22.8299091243
2251.0,23.477483408
2252.0,25.0196230594
2253.0,23.3647619485
2254.0,22.7467817222
2255.0,25.3277163561
2256.0,23.6151235254
2257.0,24.6362479638
2258.0,23.6044078956
2259.0,23.6842844615
2260.0,24.0987558223
2261.0,23.4835397389
2262.0,22.5839760129
2263.0,24.1261726572
2264.0,23.5117802692
2265.0,24.3641685476
2266.0,23.3372750241
2267.0,25.307366879
2268.0,23.0446967111
2269.0,22.7289770807
2270.0,25.4153836923
2271.0,25.2903737091
2272.0,25.5223286479
2273.0,22.9101051506
2274.0,24.1405055703
2275.0,24.5909200135
2276.0,23.740741844
2277.0,25.4311941815
2278.0,25.1403453861
2279.0,25.065184065
2280.0,23.8900378164
2281.0,23.8765226596
2282.0,24.3796431136
2283.0,23.3988613228
2284.0,25.3268924928
2285.0,23.7039016437
2286.0,23.7164157361
2287.0,23.4884222986
2288.0,24.8784381476
2289.0,24.9119237634
2290.0,23.2668252062
2291.0,23.4017673991
2292.0,24.4722780961
2293.0,25.2241081659
2294.0,23.2160074033
2295.0,23.2619351283
2296.0,22.592278531
2297.0,25.3002046894
2298.0,25.2798985488
2299.0,24.4975715203
2300.0,25.1169878302
2301.0,24.3746567522
2302.0,23.4389202857
2303.0,23.0365212706
2304.0,25.1744653654
2305.0,24.7036789721
2306.0,23.3808340416
2307.0,23.2002968877
2308.0,23.3365290491
2309.0,22.7759588155
2310.0,24.2239650611
2311.0,23.0979174926
2312.0,23.131546245
2313.0,23.7946563021
2314.0,23.6277418214
2315.0,22.4344861836
2316.0,25.2327958888
2317.0,24.8733810491
2318.0,23.5134008907
2319.0,23.2129880716
2320.0,23.9774720036
2321.0,23.3026281818
2322.0,22.5654112615
2323.0,22.5857661448
2324.0,22.8655405479
2325.0,23.592189961
2326.0,24.6778247407
2327.0,24.475034493
2328.0,22.7196584542
2329.0,22.9285528572
2330.0,24.7570194356
2331.0,24.0682428841
2332.0,24.5637437266
2333.0,22.9761525474
2334.0,24.789627016
2335.0,23.5477428603
2336.0,24.8200257672
2337.0,24.1760795045
2338.0,24.2428444905
2339.0,22.8285537786
2340.0,23.2026268697
2341.0,25.3964796523
2342.0,24.5411342438
2343.0,25.1210957869
2344.0,23.2304784365
2345.0,24.9323697367
2346.0,23.7853914937
2347.0,25.4145010565
2348.0,25.2038410538
2349.0,23.7074726902
2350.0,22.7827205964
2351.0,23.6853885446
2352.0,23.3606719716
2353.0,23.4334189612
2354.0,22.6696899593
2355.0,23.5587450499
2356.0,25.1120526436
2357.0,24.1973619432
2358.0,24.2777480767
2359.0,23.7067185156
2360.0,25.5453684473
2361.0,23.259435163
2362.0,24.7496551017
2363.0,25.2492140885
2364.0,23.6309141573
2365.0,22.848927846
2366.0,22.6956719779
2367.0,23.2300381245
2368.0,24.7144718452
2369.0,24.3679482781
2370.0,23.0240353284
2371.0,24.620161989
2372.0,24.0368609812
2373.0,24.9494271818
2374.0,23.8429678154
2375.0,24.3948140086
2376.0,23.3215967833
2377.0,24.6389194703
2378.0,24.6718542872
2379.0,24.867611024
2380.0,22.845233964
2381.0,25.156915732
2382.0,23.5196593872
2383.0,24.2717101761
2384.0,23.992992151
2385.0,24.6122629593
2386.0,22.5309660203
2387.0,24.5648702714
2388.0,24.4464117072
2389.0,22.2952204958
2390.0,24.3853641639
2391.0,23.8913155633
2392.0,23.5430624664
